{
  "version": "0.2.0",
  "configurations": [
    {
      "type": "tcf-debug",
      "request": "launch",
      "name": "app_app_hw_1",
      "debugType": "baremetal-zynq",
      "attachToRunningTargetOptions": {
        "targetSetupMode": "standalone",
        "executeScript": true,
        "scriptPath": ""
      },
      "autoAttachProcessChildren": false,
      "target": {
        "targetConnectionId": "Local",
        "peersIniPath": "../../../.wsdata/.peers.ini",
        "context": "zynq"
      },
      "targetSetup": {
        "resetSystem": true,
        "programDevice": true,
        "resetAPU": false,
        "bitstreamFile": "${workspaceFolder}\\app\\_ide\\bitstream\\design_1_wrapper.bit",
        "zynqInitialization": {
          "isFsbl": false,
          "usingFSBL": {
            "initWithFSBL": true,
            "fsblFile": "${workspaceFolder}\\platform\\export\\platform\\sw\\boot\\fsbl.elf",
            "fsblExitSymbol": "FsblHandoffJtagExit"
          },
          "usingPs7Init": {
            "runPs7Init": true,
            "runPs7PostInit": true,
            "ps7InitTclFile": "${workspaceFolder}\\app\\_ide\\psinit\\ps7_init.tcl"
          }
        },
        "downloadElf": [
          {
            "core": "ps7_cortexa9_0",
            "resetProcessor": true,
            "elfFile": "${workspaceFolder}\\app\\build\\app.elf",
            "stopAtEntry": false
          }
        ],
        "crossTriggerBreakpoints": {
          "isSelected": false,
          "breakpoints": []
        }
      },
      "internalConsoleOptions": "openOnSessionStart"
    }
  ]
}